Name,Email,Financial Status,Paid at,Fulfillment Status,Fulfilled at,Accepts Marketing,Currency,Subtotal,Shipping,Taxes,Total,Discount Code,Discount Amount,Shipping Method,Created at,Lineitem quantity,Lineitem name,Lineitem price,Lineitem compare at price,Lineitem sku,Lineitem requires shipping,Lineitem taxable,Lineitem fulfillment status,Billing Name,Billing Street,Billing Address1,Billing Address2,Billing Company,Billing City,Billing Zip,Billing Province,Billing Country,Billing Phone,Shipping Name,Shipping Street,Shipping Address1,Shipping Address2,Shipping Company,Shipping City,Shipping Zip,Shipping Province,Shipping Country,Shipping Phone,Notes,Note Attributes,Cancelled at,Payment Method,Payment Reference,Refunded Amount,Vendor,Outstanding Balance,Employee,Location,Device ID,Id,Tags,Risk Level,Source,Lineitem discount,Tax 1 Name,Tax 1 Value,Tax 2 Name,Tax 2 Value,Tax 3 Name,Tax 3 Value,Tax 4 Name,Tax 4 Value,Tax 5 Name,Tax 5 Value,Phone,Receipt Number,Duties,Billing Province Name,Shipping Province Name,Payment ID,Payment Terms Name,Next Payment Due At,Payment References
#66952,Verolalanne@yahoo.fr,paid,9/21/2024 2:36,unfulfilled,,no,USD,24.18,27.86,0,52.04,vintagelover,10.37,First Class Package International,9/21/2024 2:36,1,YEMAK Women's Cute Pattern Cropped Daily Cardigan Sweater Vintage Inspired Pinup MK3514 (S-XL) - M / Blue Berry,34.55,,MK3514-BLB-M-BD,TRUE,TRUE,pending,Véronique LALANNE,27 Rue Sainte Monique,27 Rue Sainte Monique,,,Bordeaux,'33000,,FR,33673144296,Véronique LALANNE,27 Rue Sainte Monique,27 Rue Sainte Monique,,,Bordeaux,'33000,,FR,33673144296,,,,Shopify Payments,r8fdwz14zMDYKpyFUxmftU9Bb,0,YEMAK,0,,,,6.1012E+12,,Low,web,0,,,,,,,,,,,,,,,,r8fdwz14zMDYKpyFUxmftU9Bb,,,r8fdwz14zMDYKpyFUxmftU9Bb
#66953,lindylurichardson@gmail.com,paid,9/21/2024 19:05,unfulfilled,,no,USD,90.75,0,0,90.75,,0,Free Shipping,9/21/2024 19:05,1,YEMAK Women's Cropped Bolero Button Down Short Sleeve Cardigan Sweater CB0536 (S-L) - Large / Black,28.25,,CB0536-BLK-L-BD,TRUE,FALSE,pending,Lynne Milton,44 Whittier Rd,44 Whittier Rd,,,Wellesley Hills,'02481,MA,US,6174290042,lynne milton,68 linden Street,68 linden Street,,,Wellesley,'02482,MA,US,6174290042,,,,Shopify Payments,r2XQq3G2kVcrhuc0dE9mnHpMS,0,YEMAK,0,,,,6.1024E+12,,Low,web,0,Massachusetts State Tax 0%,0,,,,,,,,,,,,Massachusetts,Massachusetts,r2XQq3G2kVcrhuc0dE9mnHpMS,,,r2XQq3G2kVcrhuc0dE9mnHpMS + #66953.2
#66953,lindylurichardson@gmail.com,,,,,,,,,,,,,,9/21/2024 19:05,1,YEMAK Women's Cropped 3/4 Sleeves Cardigan Sweater CO129(S-XL) Color Option (1 of 2) - X-Large / Blueberry,31.25,,CO129-BLB-XL,TRUE,TRUE,pending,,,,,,,,,,,,,,,,,,,,,,,,,,,YEMAK,,,,,,,,,0,,,,,,,,,,,,,,,,,,,
#66953,lindylurichardson@gmail.com,,,,,,,,,,,,,,9/21/2024 19:05,1,YEMAK Women's Cropped 3/4 Sleeves Cardigan Sweater CO129(S-XL) Color Option (1 of 2) - X-Large / Bright Green,31.25,,CO129-BGR-XL,TRUE,TRUE,pending,,,,,,,,,,,,,,,,,,,,,,,,,,,YEMAK,,,,,,,,,0,,,,,,,,,,,,,,,,,,,
#66954,walkawayjess@sbcglobal.net,paid,9/21/2024 20:06,unfulfilled,,no,USD,45.5,0,2.22,47.72,vintagelover,19.5,Free Shipping,9/21/2024 20:06,1,YEMAK Women's Crewneck 1/2 Sleeve Basic Casual Knit Pullover Sweater MK3664 (S-XL) - Small / Burgundy,32.5,32.5,MK3664-BUR-S-BD,TRUE,TRUE,pending,Jessica Hedlund,711 seabright ave #4,711 seabright ave #4,,,Santa cruz,'95062,CA,US,8315944395,Jessica Hedlund,711 seabright ave #4,711 seabright ave #4,,,Santa cruz,'95062,CA,US,8315944395,,,,PayPal Express Checkout,rULKMsimsbaKWkkTVam0hQvVN,0,Mak,0,,,,6.10244E+12,,Low,web,0,California State Tax 6%,1.37,Los Angeles Co Local Tax Sl 1%,0.23,Los Angeles County Tax 0.25%,0.06,Santa Cruz City Tax 1.25%,0.28,Santa Cruz County District Tax Sp 1.25%,0.28,,,,California,California,rULKMsimsbaKWkkTVam0hQvVN,,,rULKMsimsbaKWkkTVam0hQvVN + #66954.2
#66954,walkawayjess@sbcglobal.net,,,,,,,,,,,,,,9/21/2024 20:06,1,YEMAK Women's Crewneck 1/2 Sleeve Basic Casual Knit Pullover Sweater MK3664 (S-XL) - Medium / Red,32.5,,MK3664-RED-M-BD,TRUE,FALSE,pending,,,,,,,,,,,,,,,,,,,,,,,,,,,Mak,,,,,,,,,0,,,,,,,,,,,,,,,,,,,
#66955,christy_king@hotmail.com,paid,9/22/2024 16:39,unfulfilled,,yes,USD,65.62,0,6.12,71.74,vintagelover,28.13,Free Shipping,9/22/2024 16:39,1,YEMAK Women's Cropped 3/4 Sleeves Cardigan Sweater CO129(S-XL) Color Option (2 of 2) - X-Large / Burgundy,31.25,,CO129-BUR-XL,TRUE,TRUE,pending,Christy King,"130 S MILTON AVE, Campbell",130 S MILTON AVE,Campbell,,Campbell,'95008,CA,US,4083791137,Christy King,"130 S MILTON AVE, Campbell",130 S MILTON AVE,Campbell,,Campbell,'95008,CA,US,4083791137,,,,PayPal Express Checkout,rYp9INoEXAkhyIt7nZzvG5tsJ,0,YEMAK,0,,,,6.1036E+12,,Low,web,0,California State Tax 6%,3.93,Campbell City Tax 0.25%,0.15,Los Angeles Co Local Tax Sl 1%,0.66,Los Angeles County Tax 0.25%,0.15,Santa Clara County District Tax Sp 1.875%,1.23,,,,California,California,rYp9INoEXAkhyIt7nZzvG5tsJ,,,rYp9INoEXAkhyIt7nZzvG5tsJ + #66955.2
#66955,christy_king@hotmail.com,,,,,,,,,,,,,,9/22/2024 16:39,1,YEMAK Women's Cropped 3/4 Sleeves Cardigan Sweater CO129(S-XL) Color Option (2 of 2) - X-Large / Light Orange,31.25,,CO129-LOR-XL,TRUE,TRUE,pending,,,,,,,,,,,,,,,,,,,,,,,,,,,YEMAK,,,,,,,,,0,,,,,,,,,,,,,,,,,,,
#66955,christy_king@hotmail.com,,,,,,,,,,,,,,9/22/2024 16:39,1,YEMAK Women's Cropped 3/4 Sleeves Cardigan Sweater CO129(S-XL) Color Option (1 of 2) - Large / Hunter Green,31.25,,CO129-HGR-L,TRUE,TRUE,pending,,,,,,,,,,,,,,,,,,,,,,,,,,,YEMAK,,,,,,,,,0,,,,,,,,,,,,,,,,,,,
