Active Status,Type,Item,Description,Sales Tax Code,Account,COGS Account,Asset Account,Accumulated Depreciation,Purchase Description,Quantity On Hand,U/M,Cost,Preferred Vendor,Tax Agency,Price,Reorder Pt (Min),MPN,Department,TYPE,DUTY,HS_CODE,YARN
Active,Inventory Part,CO078PL-BURGUNDY-1X,,,Sales (H INVENTORY),Cost of Goods Sold,Materials Inventory,0,,1,,0,,,0,,,,,,,
Active,Inventory Part,CO078PL-CAMEL-1X,,,Sales (H INVENTORY),Cost of Goods Sold,Materials Inventory,0,,2,,0,,,0,,,,,,,
Active,Inventory Part,CO078PL-CHARCOAL-1X,,,Sales (H INVENTORY),Cost of Goods Sold,Materials Inventory,0,,3,,0,,,0,,,,,,,
Active,Inventory Part,CO078PL-DUSTYORANGE-2X,,,Sales (H INVENTORY),Cost of Goods Sold,Materials Inventory,0,,4,,0,,,0,,,,,,,
Active,Inventory Part,CO078PL-FIESTA-2X,,,Sales (H INVENTORY),Cost of Goods Sold,Materials Inventory,0,,5,,0,,,0,,,,,,,
Active,Inventory Part,CO078PL-GRAPE-3X,,,Sales (H INVENTORY),Cost of Goods Sold,Materials Inventory,0,,6,,0,,,0,,,,,,,
Active,Inventory Part,CO078PL-GREY-3X,,,Sales (H INVENTORY),Cost of Goods Sold,Materials Inventory,0,,7,,0,,,0,,,,,,,
Active,Inventory Part,CO078PL-HONEY-4X,,,Sales (H INVENTORY),Cost of Goods Sold,Materials Inventory,0,,8,,0,,,0,,,,,,,
Active,Inventory Part,CO078PL-ICEBLUE-4X,,,Sales (H INVENTORY),Cost of Goods Sold,Materials Inventory,0,,9,,0,,,0,,,,,,,
