﻿Sales Record Number,Order Number,Buyer Username,Buyer Name,Buyer Email,Buyer Note,Buyer Address 1,Buyer Address 2,Buyer City,Buyer State,Buyer Zip,Buyer Country,Buyer Tax Identifier Name,Buyer Tax Identifier Value,Ship To Name,Ship To Phone,Ship To Address 1,Ship To Address 2,Ship To City,Ship To State,Ship To Zip,Ship To Country,Item Number,Item Title,Custom Label,Sold Via Promoted Listings,Quantity,Sold For,Shipping And Handling,Item Location,Item Zip Code,Item Country,eBay Collect And Remit Tax Rate,eBay Collect And Remit Tax Type,eBay Reference Name,eBay Reference Value,Tax Status,Seller Collected Tax,eBay Collected Tax,Electronic Waste Recycling Fee,Mattress Recycling Fee,Battery Recycling Fee,White Goods Disposal Tax,Tire Recycling Fee,Additional Fee,Lumber Fee,Prepaid Wireless Fee,Road Improvement And Food Delivery Fee,eBay Collected Charges,Total Price,eBay Collected Tax and Fees Included in Total,Payment Method,Sale Date,Paid On Date,Ship By Date,Minimum Estimated Delivery Date,Maximum Estimated Delivery Date,Shipped On Date,Feedback Left,Feedback Received,My Item Note,PayPal Transaction ID,Shipping Service,Tracking Number,Transaction ID,Variation Details,Global Shipping Program,Global Shipping Reference ID,Click And Collect,Click And Collect Reference Number,eBay Plus,Authenticity Verification Program,Authenticity Verification Status,Authenticity Verification Outcome Reason,PSA Vault Program,Vault Fulfillment Type,eBay Fulfillment Program,Tax City,Tax State,Tax Zip,Tax Country,eBay International Shipping
,,,,,,,,,,,,,,,,,,,,,,,,,,,,,,,,,,,,,,,,,,,,,,,,,,,,,,,,,,,,,,,,,,,,,,,,,,,,,,,,,
29292,18-12096-30645,sharingjoywithyou,Pamela Heald,74471bb6ec266f0b0a29@members.ebay.com,,10 Benton Pl,,Sodus,NY,14551-1157,United States,,,Pamela Heald,+1 585-314-5965,10 Benton Pl,,Sodus,NY,14551-1157,United States,2.32316E+11,"YEMAK Women's 3/4 Sleeve Crewneck Button-Down Basic Cardigan Sweater CO079 (S-L)[Turquoise,S]",CO079-TQS-S,No,1,$20.55 ,$0.00 ,"Los Angeles, California",90011,US,4,Sales tax,,,,$0.00 ,$0.82 ,$0.00 ,$0.00 ,$0.00 ,$0.00 ,$0.00 ,$0.00 ,$0.00 ,$0.00 ,$0.00 ,$0.00 ,$21.37 ,Yes,,Sep-23-24,Sep-23-24,Sep-25-24,Sep-26-24,Oct-01-24,,Yes,,,420004_S,USPS First Class,,2.19794E+12,"[Color:Turquoise,Size (Women's):S]",No,,No,,No,No,,,No,,No,Sodus,NY,14551-1157,United States,No
29291,02-12113-05348,matressroom,Hong Thai,4f514c62a72227172225@members.ebay.com,,19949 Baltar st,,Winnetka,CA,91306-1903,United States,,,Hong Thai,+1 818-269-8484,19949 Baltar st,,Winnetka,CA,91306-1903,United States,2.33096E+11,"Women's Two Pockets Long Sleeve Open Front Drape Sweater Cardigan Jacket HK8189[Mauve,Medium / Large]",HK8189-MAV-M/L,Yes,1,$11.97 ,$0.00 ,"Los Angeles, California",90011,US,9.5,Sales tax,,,,$0.00 ,$1.14 ,$0.00 ,$0.00 ,$0.00 ,$0.00 ,$0.00 ,$0.00 ,$0.00 ,$0.00 ,$0.00 ,$0.00 ,$13.11 ,Yes,,Sep-22-24,Sep-22-24,Sep-24-24,Sep-25-24,Sep-27-24,,Yes,,,,USPS First Class,,2.19792E+12,"[Color:Mauve,Size:Medium / Large]",No,,No,,No,No,,,No,,No,Winnetka,CA,91306-1903,United States,No
29290,14-12099-61080,splattinky,Korone Inu,74441439b2de5ce1cc49@members.ebay.com,,6718 Bissell St,Apt B,Bell Gardens,CA,90201-6518,United States,,,Aracely Haro,+1 213-842-3290,6718 Bissell St,Apt B,Bell Gardens,CA,90201-6518,United States,2.33096E+11,"Women's Two Pockets Long Sleeve Open Front Drape Sweater Cardigan Jacket HK8189[Olive,Small / Medium]",HK8189-OLV-S/M,No,1,$11.97 ,$0.00 ,"Los Angeles, California",90011,US,9.5,Sales tax,,,,$0.00 ,$1.14 ,$0.00 ,$0.00 ,$0.00 ,$0.00 ,$0.00 ,$0.00 ,$0.00 ,$0.00 ,$0.00 ,$0.00 ,$13.11 ,Yes,,Sep-22-24,Sep-22-24,Sep-24-24,Sep-25-24,Sep-27-24,,Yes,,,,USPS First Class,,2.1979E+12,"[Color:Olive,Size:Small / Medium]",No,,No,,No,No,,,No,,No,Bell Gardens,CA,90201-6518,United States,No
29289,12-12100-99620,2greeneyeslv,Mary Aukes,1d108ca6e1a4d56e6992@members.ebay.com,,655 Richmond Dr,,Hermitage,PA,16148-1512,United States,,,Mary Aukes,+1 724-931-1376,655 Richmond Dr,,Hermitage,PA,16148-1512,United States,,,,,3,$49.34 ,$0.00 ,,,,,,,,,$0.00 ,$0.00 ,$0.00 ,$0.00 ,$0.00 ,$0.00 ,$0.00 ,$0.00 ,$0.00 ,$0.00 ,$0.00 ,$0.00 ,$49.34 ,No,,Sep-22-24,Sep-22-24,,,,,,,,,USPS First Class,,,,No,,No,,No,No,,,No,,No,Hermitage,PA,16148-1512,United States,No
29289,12-12100-99620,2greeneyeslv,,,,,,,,,,,,,,,,,,,,2.33292E+11,"YEMAK Women's Long Sleeve Crewneck Cropped Button-Down Cardigan Sweater MK5502[Peacock,M]",MK5502-PEACOCK-M,Yes,1,$16.45 ,,"Los Angeles, California",90011,US,,,,,,,,,,,,,,,,,,,,,Sep-22-24,,Sep-24-24,Sep-26-24,Sep-30-24,,Yes,,,,,,2.19785E+12,"[Color:Peacock,Size:M]",,,,,,,,,,,,,,,,
29289,12-12100-99620,2greeneyeslv,,,,,,,,,,,,,,,,,,,,2.33292E+11,"YEMAK Women's Long Sleeve Crewneck Cropped Button-Down Cardigan Sweater MK5502[Blueberry,M]",MK5502-BLUEBERRY-M,Yes,1,$16.45 ,,"Los Angeles, California",90011,US,,,,,,,,,,,,,,,,,,,,,Sep-22-24,,Sep-24-24,Sep-26-24,Sep-30-24,,Yes,,,,,,2.19785E+12,"[Color:Blueberry,Size:M]",,,,,,,,,,,,,,,,
29289,12-12100-99620,2greeneyeslv,,,,,,,,,,,,,,,,,,,,2.33292E+11,"YEMAK Women's Long Sleeve Crewneck Cropped Button-Down Cardigan Sweater MK5502[Black,M]",MK5502-BLACK-M,Yes,1,$16.44 ,,"Los Angeles, California",90011,US,,,,,,,,,,,,,,,,,,,,,Sep-22-24,,Sep-24-24,Sep-26-24,Sep-30-24,,Yes,,,,,,2.19785E+12,"[Color:Black,Size:M]",,,,,,,,,,,,,,,,
29285,09-12103-25884,cynthigilber_1,Cynthia P Taylor,7440ed1490e124dd5542@members.ebay.com,Please send a mauve and a black sweater...No use of having two of same color...Thank you seller...,6709 Sharon Dr,,Pearland,TX,77581-8055,United States,,,Cynthia Taylor,+1 832-830-3757,6709 Sharon Dr,,Pearland,TX,77581-8055,United States,2.33096E+11,"Women's Two Pockets Long Sleeve Open Front Drape Sweater Cardigan Jacket HK8189[Mauve,Small / Medium]",HK8189-MAV-S/M,Yes,2,$10.77 ,$0.00 ,"Los Angeles, California",90011,US,8.25,Sales tax,,,,$0.00 ,$1.78 ,$0.00 ,$0.00 ,$0.00 ,$0.00 ,$0.00 ,$0.00 ,$0.00 ,$0.00 ,$0.00 ,$0.00 ,$23.32 ,Yes,,Sep-22-24,Sep-22-24,Sep-24-24,Sep-26-24,Sep-30-24,,Yes,,,,USPS First Class,,2.19782E+12,"[Color:Mauve,Size:Small / Medium]",No,,No,,No,No,,,No,,No,Pearland,TX,77581-8055,United States,No
29284,16-12095-70080,viabella33,susan shippey-borski,01629a2840ba5715c322@members.ebay.com,,39 Viento Way,,Point Reyes Station,CA,94956,United States,,,Susan 695 Borski,+1 415-755-8674,39 Viento Way,,Point Reyes Station,CA,94956,United States,2.32951E+11,".YEMAK Women's 3/4 Sleeve Crewneck Casual Button Down Cardigan Sweater MK3554[Black,M]",MK3554-BLK-M,Yes,1,$13.77 ,$0.00 ,"Los Angeles, California",90011,US,8.25,Sales tax,,,,$0.00 ,$1.14 ,$0.00 ,$0.00 ,$0.00 ,$0.00 ,$0.00 ,$0.00 ,$0.00 ,$0.00 ,$0.00 ,$0.00 ,$14.91 ,Yes,,Sep-22-24,Sep-22-24,Sep-24-24,Sep-25-24,Sep-27-24,,Yes,,,420004_S,USPS First Class,,2.1978E+12,"[Color:Black,Size:M]",No,,No,,No,No,,,No,,No,Point Reyes Station,CA,94956,United States,No
29283,05-12107-63519,elizbri6404,Elizabeth Brignac,0e88089ccba172c5c358@members.ebay.com,,611 Dairy Ashford Rd,Apt 137,Houston,TX,77079-3904,United States,,,Elizabeth Brignac,+1 346-402-5558,611 Dairy Ashford Rd,Apt 137,Houston,TX,77079-3904,United States,2.33096E+11,"Women's Two Pockets Long Sleeve Open Front Drape Sweater Cardigan Jacket HK8189[Black,Small / Medium]",HK8189-BLK-S/M,Yes,1,$11.97 ,$0.00 ,"Los Angeles, California",90011,US,8.25,Sales tax,,,,$0.00 ,$0.99 ,$0.00 ,$0.00 ,$0.00 ,$0.00 ,$0.00 ,$0.00 ,$0.00 ,$0.00 ,$0.00 ,$0.00 ,$12.96 ,Yes,,Sep-22-24,Sep-22-24,Sep-24-24,Sep-26-24,Sep-28-24,,Yes,,,420004_S,USPS First Class,,2.1978E+12,"[Color:Black,Size:Small / Medium]",No,,No,,No,No,,,No,,No,Houston,TX,77079-3904,United States,No
29282,23-12088-11028,williams_6824,Clemmie Williams,744024569adc143ac371@members.ebay.com,,2024 Starhope Church Rd,,luverne,AL,36049-5617,United States,,,clemmie williams,+1 334-429-1722,2024 Starhope Church Rd,,luverne,AL,36049-5617,United States,2.33096E+11,"Women's Two Pockets Long Sleeve Open Front Drape Sweater Cardigan Jacket HK8189[Mauve,Medium / Large]",HK8189-MAV-M/L,Yes,1,$11.97 ,$0.00 ,"Los Angeles, California",90011,US,8,Sales tax,,,,$0.00 ,$0.96 ,$0.00 ,$0.00 ,$0.00 ,$0.00 ,$0.00 ,$0.00 ,$0.00 ,$0.00 ,$0.00 ,$0.00 ,$12.93 ,Yes,,Sep-22-24,Sep-22-24,Sep-24-24,Sep-26-24,Sep-30-24,,Yes,,,,USPS First Class,,2.19779E+12,"[Color:Mauve,Size:Medium / Large]",No,,No,,No,No,,,No,,No,luverne,AL,36049-5617,United States,No
29281,05-12107-34388,pvha331868,Pamela Hayden,743fc41b62faae8b2132@members.ebay.com,,8719 Maple Ln,,Lee Center,NY,13363-1919,United States,,,Carmen Hayden,+1 315-337-0784,8719 Maple Ln,,Lee Center,NY,13363-1919,United States,2.33392E+11,"YEMAK Women's Classic Long Sleeve Turtleneck Pullover Sweater MK3349 (S-L)[Red,Small]",MK3349-RED-S,Yes,1,$11.97 ,$0.00 ,"Los Angeles, California",90011,US,4.75,Sales tax,,,,$0.00 ,$0.57 ,$0.00 ,$0.00 ,$0.00 ,$0.00 ,$0.00 ,$0.00 ,$0.00 ,$0.00 ,$0.00 ,$0.00 ,$12.54 ,Yes,,Sep-22-24,Sep-22-24,Sep-24-24,Sep-26-24,Sep-30-24,,Yes,,,420004_S,USPS First Class,,2.19779E+12,"[Color:Red,Size:Small]",No,,No,,No,No,,,No,,No,Lee Center,NY,13363-1919,United States,No
29280,20-12090-53245,hun_trin,hung trinh,69f7b72dd6b2260c2246@members.ebay.com,,13213 Lamplight Village Ave,,Austin,TX,78727-3236,United States,,,Hung Trinh,+1 737-268-0899,13213 Lamplight Village Ave,,Austin,TX,78727-3236,United States,2.34417E+11,"YEMAK Women's Cropped Bolero Short Sleeve Button-Down Cardigan Sweater CB0536[Sky Blue,Large]",CB0536-SBL-L,No,1,$16.77 ,$0.00 ,"Los Angeles, California",90011,US,8.25,Sales tax,,,,$0.00 ,$1.38 ,$0.00 ,$0.00 ,$0.00 ,$0.00 ,$0.00 ,$0.00 ,$0.00 ,$0.00 ,$0.00 ,$0.00 ,$18.15 ,Yes,,Sep-22-24,Sep-22-24,Sep-24-24,Sep-26-24,Sep-30-24,,Yes,,,,USPS First Class,,2.19776E+12,"[Color:Sky Blue,Size:Large]",No,,No,,No,No,,,No,,No,Austin,TX,78727-3236,United States,No
29279,09-12100-45486,yamborna,Nancy Yambor,743888f5d6b226430a53@members.ebay.com,,4125 E Rolling Mdws,,Defiance,OH,43512-8417,United States,,,Nancy Yambor,+1 419-789-2825,4125 E Rolling Mdws,,Defiance,OH,43512-8417,United States,2.32951E+11,".YEMAK Women's 3/4 Sleeve Crewneck Casual Button Down Cardigan Sweater MK3554[Black,M]",MK3554-BLK-M,Yes,1,$13.77 ,$0.00 ,"Los Angeles, California",90011,US,6.75,Sales tax,,,,$0.00 ,$0.93 ,$0.00 ,$0.00 ,$0.00 ,$0.00 ,$0.00 ,$0.00 ,$0.00 ,$0.00 ,$0.00 ,$0.00 ,$14.70 ,Yes,,Sep-21-24,Sep-21-24,Sep-24-24,Sep-25-24,Sep-30-24,,Yes,,,420004_S,USPS First Class,,2.19767E+12,"[Color:Black,Size:M]",No,,No,,No,No,,,No,,No,Defiance,OH,43512-8417,United States,No
29278,02-12107-56733,chri486226,Christina Ma,3a1b6aa043295e0e0d66@members.ebay.com,,6395 Diana,3009 Broadway,New York,NY,10027-6909,United States,,,Christina Ma,+1 475-287-0123,6395 Diana,3009 Broadway,New York,NY,10027-6909,United States,2.33545E+11,"YEMAK Women's Knit Pattern Cropped Button-Down Casual Cardigan Sweater MK3514Y[White,S]",MK3514-WHT-S,No,1,$20.10 ,$0.00 ,"Los Angeles, California",90011,US,,,,,,$0.00 ,$0.00 ,$0.00 ,$0.00 ,$0.00 ,$0.00 ,$0.00 ,$0.00 ,$0.00 ,$0.00 ,$0.00 ,$0.00 ,$20.10 ,No,,Sep-21-24,Sep-21-24,Sep-24-24,Sep-26-24,Sep-30-24,,Yes,,,,USPS First Class,,2.19764E+12,"[Color:White,Size:S]",No,,No,,No,No,,,No,,No,New York,NY,10027-6909,United States,No
29277,03-12106-18699,migdaliam601,Migdalia Miranda,7436b2a6ae71a4468449@members.ebay.com,,120 GALE PL,Apt 7D,BRONX,NY,10463-2837,United States,,,MIGDALIA MIRANDA,+1 347-757-9609,120 GALE PL,Apt 7D,BRONX,NY,10463-2837,United States,,,,,2,$21.55 ,$0.00 ,,,,,,,,,$0.00 ,$0.00 ,$0.00 ,$0.00 ,$0.00 ,$0.00 ,$0.00 ,$0.00 ,$0.00 ,$0.00 ,$0.00 ,$0.00 ,$21.55 ,No,,Sep-21-24,Sep-21-24,,,,,,,,,USPS First Class,,,,No,,No,,No,No,,,No,,No,BRONX,NY,10463-2837,United States,No
29277,03-12106-18699,migdaliam601,,,,,,,,,,,,,,,,,,,,2.33096E+11,"Women's Two Pockets Long Sleeve Open Front Drape Sweater Cardigan Jacket HK8189[Olive,Small / Medium]",HK8189-OLV-S/M,No,1,$10.77 ,,"Los Angeles, California",90011,US,,,,,,,,,,,,,,,,,,,,,Sep-21-24,,Sep-24-24,Sep-25-24,Sep-30-24,,Yes,,,,,,2.19764E+12,"[Color:Olive,Size:Small / Medium]",,,,,,,,,,,,,,,,
29277,03-12106-18699,migdaliam601,,,,,,,,,,,,,,,,,,,,2.33096E+11,"Women's Two Pockets Long Sleeve Open Front Drape Sweater Cardigan Jacket HK8189[Oatmeal,Small / Medium]",HK8189-OAT-S/M,No,1,$10.78 ,,"Los Angeles, California",90011,US,,,,,,,,,,,,,,,,,,,,,Sep-21-24,,Sep-24-24,Sep-25-24,Sep-30-24,,Yes,,,,,,2.19764E+12,"[Color:Oatmeal,Size:Small / Medium]",,,,,,,,,,,,,,,,
29274,12-12096-81586,migdaliam601,Migdalia Miranda,7436b2a6ae71a4468449@members.ebay.com,,120 GALE PL,Apt 7D,BRONX,NY,10463-2837,United States,,,MIGDALIA MIRANDA,+1 347-757-9609,120 GALE PL,Apt 7D,BRONX,NY,10463-2837,United States,2.33096E+11,"Women's Two Pockets Long Sleeve Open Front Drape Sweater Cardigan Jacket HK8189[Mauve,Small / Medium]",HK8189-MAV-S/M,No,1,$11.97 ,$0.00 ,"Los Angeles, California",90011,US,,,,,,$0.00 ,$0.00 ,$0.00 ,$0.00 ,$0.00 ,$0.00 ,$0.00 ,$0.00 ,$0.00 ,$0.00 ,$0.00 ,$0.00 ,$11.97 ,No,,Sep-21-24,Sep-21-24,Sep-24-24,Sep-25-24,Sep-30-24,,Yes,,,,USPS First Class,,2.19764E+12,"[Color:Mauve,Size:Small / Medium]",No,,No,,No,No,,,No,,No,BRONX,NY,10463-2837,United States,No
29273,03-12102-78157,samlizm26,Samaria Rodriguez,742c6b89bad154c45626@members.ebay.com,,9208 Rex Rd,,Pico Rivera,CA,90660-4035,United States,,,Samaria Rodriguez,+1 562-832-8185,9208 Rex Rd,,Pico Rivera,CA,90660-4035,United States,2.32316E+11,"YEMAK Women's 3/4 Sleeve Crewneck Button-Down Basic Cardigan Sweater CO079 (S-L)[Turquoise,S]",CO079-TQS-S,No,1,$20.55 ,$0.00 ,"Los Angeles, California",90011,US,10.25,Sales tax,,,,$0.00 ,$2.11 ,$0.00 ,$0.00 ,$0.00 ,$0.00 ,$0.00 ,$0.00 ,$0.00 ,$0.00 ,$0.00 ,$0.00 ,$22.66 ,Yes,,Sep-20-24,Sep-20-24,Sep-24-24,Sep-24-24,Sep-26-24,,Yes,,,,USPS First Class,,2.19748E+12,"[Color:Turquoise,Size (Women's):S]",No,,No,,No,No,,,No,,No,Pico Rivera,CA,90660-4035,United States,No
,,,,,,,,,,,,,,,,,,,,,,,,,,,,,,,,,,,,,,,,,,,,,,,,,,,,,,,,,,,,,,,,,,,,,,,,,,,,,,,,,
15,record(s) downloaded,,,,,,,,,,,,,,,,,,,,,,,,,,,,,,,,,,,,,,,,,,,,,,,,,,,,,,,,,,,,,,,,,,,,,,,,,,,,,,,,
Seller ID : arkop2000,,,,,,,,,,,,,,,,,,,,,,,,,,,,,,,,,,,,,,,,,,,,,,,,,,,,,,,,,,,,,,,,,,,,,,,,,,,,,,,,,
